metric_time__week,customer__variant,checkout_conversion_rate,authorization_rate,sessions
2026-06-01 00:00:00,control,0.52038436,0.92361003,78884
2026-06-01 00:00:00,treatment,0.54939315,0.91751443,79262
2026-06-08 00:00:00,control,0.51953914,0.92163334,82629
2026-06-08 00:00:00,treatment,0.53562797,0.91681384,83993
2026-06-15 00:00:00,control,0.51709057,0.91994907,88031
2026-06-15 00:00:00,treatment,0.53077277,0.91542232,89121
2026-06-22 00:00:00,control,0.51116674,0.92034588,91074
2026-06-22 00:00:00,treatment,0.52765615,0.91459036,93180
2026-06-29 00:00:00,control,0.5085087,0.91840351,96372
2026-06-29 00:00:00,treatment,0.52365176,0.91295914,96589
2026-07-06 00:00:00,control,0.50650309,0.91639426,100260
2026-07-06 00:00:00,treatment,0.51836151,0.91147194,101435
2026-07-13 00:00:00,control,0.50423652,0.9166424,104449
2026-07-13 00:00:00,treatment,0.51832162,0.91257651,105149
2026-07-20 00:00:00,control,0.50203469,0.91688478,109353
2026-07-20 00:00:00,treatment,0.51436333,0.91179131,110072
