customer__variant,customer__country,checkout_conversion_rate,authorization_rate,dispute_rate,sessions
control,AU,0.5157699,0.92611281,0.00291808,45181
treatment,AU,0.53026678,0.92082919,0.0039219,44719
control,BR,0.43468991,0.81885598,0.00778663,37521
treatment,BR,0.44703128,0.81187832,0.01065687,37154
control,CA,0.51530036,0.92644031,0.00355861,61077
treatment,CA,0.53461278,0.92383976,0.00401272,60599
control,DE,0.51334641,0.9382199,0.00294632,60166
treatment,DE,0.53292369,0.93238954,0.00351714,61354
control,FR,0.51125668,0.92784107,0.00289311,52058
treatment,FR,0.52769115,0.92577668,0.00391612,53230
control,GB,0.52741645,0.93067036,0.00365914,91715
treatment,GB,0.54094821,0.92263109,0.00445336,92153
control,JP,0.52320365,0.90800574,0.00320899,38119
treatment,JP,0.54152554,0.90404804,0.00335251,36905
control,MX,0.43787658,0.83164983,0.00616845,28878
treatment,MX,0.44915143,0.82591865,0.00988576,30404
control,US,0.51691904,0.9277753,0.00331878,336337
treatment,US,0.53255931,0.92289234,0.00445454,342283
