metric_time__week,checkout_conversion_rate,authorization_rate,revenue_per_transaction,dispute_rate,total_payment_volume
2026-05-04 00:00:00,0.523849112311099,0.9238681461083664,67.81135170641632,0.0026697517130906826,4571976.954750001
2026-05-11 00:00:00,0.5258179562722903,0.9246412607219082,68.16417129091715,0.0023591860808021233,4622894.096950001
2026-05-18 00:00:00,0.5277261545816979,0.9239674260166063,68.07633080514354,0.002688682691605173,4658803.698650001
2026-05-25 00:00:00,0.5262762413819816,0.9241991881355252,68.46678156159383,0.002590635441659184,4651427.738949999
2026-06-01 00:00:00,0.534923425189382,0.9204641644076332,68.1061455127902,0.0032980282755685846,5761507.485800004
2026-06-08 00:00:00,0.5276494100418913,0.9191599806371211,68.27343456630037,0.0037876202825359996,6002463.820199998
2026-06-15 00:00:00,0.5239737626445087,0.9176378949418237,68.14780790698428,0.003932215076004869,6325683.9733500015
2026-06-22 00:00:00,0.5195056823732457,0.9173801814388611,68.4528495716718,0.003928082656888248,6552375.213849998
2026-06-29 00:00:00,0.5160887433211893,0.9156314277688676,68.24328057086913,0.004307877692423558,6796007.0956500005
2026-07-06 00:00:00,0.5124668435013262,0.9138842212490315,68.0464199289874,0.004402004605174048,7033414.056699997
2026-07-13 00:00:00,0.51130258876516,0.9145712172656066,68.41489900763285,0.004273663780232906,7331887.896850003
2026-07-20 00:00:00,0.5082192092970264,0.9142912546053907,68.35167020786254,0.00481545249112235,7622304.854899993
