dimension,metric,level,method,control,treatment,diff,se,relative,relative_se,n_control,n_treatment,ci_low,ci_high,relative_ci_low,relative_ci_high,p_value,p_value_holm,label
risk_score_band,checkout_conversion_rate,high,delta_method_diff,0.370234625,0.382097115,0.0118624894,0.00507700113,0.0320404647,0.0139417876,6366,6339,0.00191175008,0.0218132288,0.00471506314,0.0593658663,0.0194644152,0.0194644152,exploratory
risk_score_band,checkout_conversion_rate,low,delta_method_diff,0.540300882,0.557353539,0.0170526564,0.00167007523,0.0315614076,0.00313941717,51628,51722,0.0137793691,0.0203259437,0.025408263,0.0377145522,1.77558007e-24,5.3267402e-24,exploratory
risk_score_band,checkout_conversion_rate,medium,delta_method_diff,0.476587608,0.491163915,0.014576307,0.00207196331,0.0305847378,0.00441329981,41744,42201,0.0105153335,0.0186372805,0.0219348291,0.0392346464,1.99229892e-12,3.98459784e-12,exploratory
risk_score_band,dispute_rate,high,delta_method_diff,0.0148101957,0.0253425667,0.010532371,0.0017341656,0.711156778,0.152736888,6366,6339,0.00713346891,0.0139312731,0.411797979,1.01051558,1.2518965e-09,2.503793e-09,exploratory
risk_score_band,dispute_rate,low,delta_method_diff,0.00199029931,0.00200781293,1.75136129e-05,0.000127061967,0.00879948699,0.0641258579,51628,51722,-0.000231523265,0.000266550491,-0.116884885,0.134483859,0.890370656,0.890370656,exploratory
risk_score_band,dispute_rate,medium,delta_method_diff,0.00558441874,0.00775481774,0.002170399,0.000335255277,0.388652624,0.0705837917,41744,42201,0.00151331073,0.00282748726,0.250310934,0.526994313,9.55242534e-11,2.8657276e-10,exploratory
risk_score_band,net_value_per_session,high,delta_method_diff,5.02555878,5.01253975,-0.0130190278,0.118251323,-0.00259056324,0.0235015432,6108,6058,-0.244787363,0.218749307,-0.0486527416,0.0434716151,0.912333038,0.912333038,exploratory
risk_score_band,net_value_per_session,low,delta_method_diff,10.0456088,10.311552,0.265943209,0.0451602703,0.0264735782,0.00455427867,49568,49699,0.177430705,0.354455712,0.017547356,0.0353998004,3.88832257e-09,1.16649677e-08,exploratory
risk_score_band,net_value_per_session,medium,delta_method_diff,8.11174209,8.32961337,0.217871285,0.0539299081,0.026858754,0.00673483223,40060,40487,0.112170608,0.323571963,0.0136587254,0.0400587826,5.34746324e-05,0.000106949265,exploratory
country,checkout_conversion_rate,AU,delta_method_diff,0.515769903,0.530266777,0.0144968737,0.00522330983,0.0281072502,0.0102674886,6048,5918,0.00425937457,0.0247343728,0.00798334238,0.048231158,0.00551306182,0.0165391855,exploratory
country,checkout_conversion_rate,BR,delta_method_diff,0.434689907,0.447031275,0.0123413682,0.0056215226,0.0283912004,0.0131160618,4952,4983,0.00132338642,0.0233593501,0.00268419168,0.0540982091,0.0281364784,0.0562729568,exploratory
country,checkout_conversion_rate,CA,delta_method_diff,0.515300359,0.534612782,0.0193124238,0.00455974101,0.0374779942,0.00901109679,7987,8031,0.0103754957,0.028249352,0.019816569,0.0551394193,2.28123676e-05,0.000161379657,exploratory
country,checkout_conversion_rate,DE,delta_method_diff,0.513346408,0.532923689,0.0195772805,0.00459240038,0.038136588,0.00910955801,7916,7910,0.0105763411,0.0285782198,0.0202821824,0.0559909936,2.01724571e-05,0.000161379657,exploratory
country,checkout_conversion_rate,FR,delta_method_diff,0.511256675,0.527691152,0.0164344764,0.0049018015,0.0321452553,0.00974421561,6889,7007,0.00682712196,0.0260418308,0.0130469437,0.051243567,0.000800152216,0.00400076108,exploratory
country,checkout_conversion_rate,GB,delta_method_diff,0.527416453,0.540948206,0.0135317526,0.00369130355,0.0256566751,0.00708714079,12149,12034,0.00629693055,0.0207665746,0.0117661344,0.0395472158,0.000246521674,0.00147913004,exploratory
country,checkout_conversion_rate,JP,delta_method_diff,0.523203652,0.541525539,0.0183218868,0.00553664693,0.0350186524,0.0107646054,5049,4902,0.00747025824,0.0291735154,0.0139204135,0.0561168913,0.000935620825,0.00400076108,exploratory
country,checkout_conversion_rate,MX,delta_method_diff,0.437876584,0.449151427,0.0112748432,0.00648574356,0.0257489064,0.0149986004,3903,4055,-0.00143698059,0.023986667,-0.00364781015,0.055145623,0.0821396347,0.0821396347,exploratory
country,checkout_conversion_rate,US,delta_method_diff,0.516919043,0.532559315,0.0156402724,0.00191882414,0.0302567156,0.0037683206,44845,45422,0.0118794462,0.0194010987,0.0228709429,0.0376424882,3.61025375e-16,3.24922838e-15,exploratory
country,dispute_rate,AU,delta_method_diff,0.00291807922,0.00392189938,0.00100382016,0.000560864721,0.344000313,0.22330053,6048,5918,-9.5454491e-05,0.00210309482,-0.0936606844,0.78166131,0.073490518,0.293962072,exploratory
country,dispute_rate,BR,delta_method_diff,0.00778663397,0.0106568728,0.00287023881,0.00109294936,0.368610985,0.163559819,4952,4983,0.000728097439,0.00501238019,0.0480396294,0.68918234,0.00863591057,0.060451374,exploratory
country,dispute_rate,CA,delta_method_diff,0.00355860579,0.00401271723,0.000454111438,0.000495976318,0.127609369,0.14772329,7987,8031,-0.000517984283,0.00142620716,-0.16192296,0.417141697,0.35988147,0.71976294,exploratory
country,dispute_rate,DE,delta_method_diff,0.00294631872,0.00351714225,0.000570823525,0.000464058894,0.193741268,0.171721399,7916,7910,-0.000338715195,0.00148036224,-0.14282649,0.530309026,0.218672022,0.656016066,exploratory
country,dispute_rate,FR,delta_method_diff,0.00289310539,0.00391612375,0.00102301836,0.00051256333,0.353605631,0.206280465,6889,7007,1.84126906e-05,0.00202762403,-0.0506966517,0.757907914,0.0459462516,0.27567751,exploratory
country,dispute_rate,GB,delta_method_diff,0.00365914165,0.00445336008,0.000794218428,0.00041978841,0.217050473,0.126451137,12149,12034,-2.85517375e-05,0.00161698859,-0.0307892014,0.464890148,0.0584977239,0.29248862,exploratory
country,dispute_rate,JP,delta_method_diff,0.00320898516,0.00335251439,0.000143529227,0.000588949757,0.0447272955,0.187270795,5049,4902,-0.00101079109,0.00129784954,-0.322316719,0.41177131,0.807460318,0.807460318,exploratory
country,dispute_rate,MX,delta_method_diff,0.00616844603,0.0098857645,0.00371731847,0.00113977879,0.602634514,0.232083814,3903,4055,0.0014833931,0.00595124384,0.147758598,1.05751043,0.00110848455,0.00886787643,exploratory
country,dispute_rate,US,delta_method_diff,0.00331878131,0.00445453847,0.00113575716,0.000215082875,0.342221151,0.0749879643,44845,45422,0.000714202472,0.00155731185,0.195247442,0.489194861,1.28792475e-07,1.15913228e-06,exploratory
country,net_value_per_session,AU,delta_method_diff,9.87013968,10.0085004,0.138360681,0.14431866,0.0140181077,0.0147213157,5819,5709,-0.144498695,0.421220058,-0.0148351409,0.0428713563,0.337701583,0.737221202,exploratory
country,net_value_per_session,BR,delta_method_diff,4.69370035,4.84677283,0.153072486,0.0942775544,0.0326123261,0.0203912283,4769,4782,-0.0317081249,0.337853097,-0.00735374709,0.0725783992,0.104453393,0.522266965,exploratory
country,net_value_per_session,CA,delta_method_diff,9.25824957,9.53568019,0.277430618,0.118116844,0.0299657744,0.01294308,7650,7696,0.0459258578,0.508935378,0.0045978038,0.055333745,0.018834973,0.131844811,exploratory
country,net_value_per_session,DE,delta_method_diff,8.8044977,9.12356118,0.319063486,0.113017058,0.0362386927,0.0130626516,7596,7603,0.0975541228,0.54057285,0.0106363661,0.0618410193,0.00475551323,0.0380441058,exploratory
country,net_value_per_session,FR,delta_method_diff,8.69062801,8.94384285,0.253214847,0.118712652,0.0291365419,0.0138531881,6593,6742,0.0205423246,0.48588737,0.00198479222,0.0562882917,0.0329242008,0.197545205,exploratory
country,net_value_per_session,GB,delta_method_diff,9.57306431,9.68521197,0.112147662,0.0966159007,0.0117149179,0.0101512133,11624,11560,-0.0772160234,0.301511348,-0.00818109456,0.0316109303,0.245740401,0.737221202,exploratory
country,net_value_per_session,JP,delta_method_diff,8.59245611,8.73878508,0.146328964,0.134882822,0.0170299345,0.0158332949,4870,4718,-0.118036508,0.410694437,-0.0140027534,0.0480626223,0.277983711,0.737221202,exploratory
country,net_value_per_session,MX,delta_method_diff,4.93184139,4.78524281,-0.146598581,0.107731452,-0.0297249179,0.0215257347,3749,3877,-0.357748346,0.0645511853,-0.0719145827,0.0124647468,0.173583883,0.694335533,exploratory
country,net_value_per_session,US,delta_method_diff,9.81768505,10.1109357,0.293250624,0.0530358577,0.0298696304,0.00548125106,43066,43557,0.189302253,0.397198995,0.0191265757,0.0406126851,3.21529912e-08,2.89376921e-07,exploratory
card_brand,checkout_conversion_rate,amex,delta_method_diff,0.51650206,0.534465284,0.0179632237,0.00360876661,0.0347786099,0.00710625351,12840,13144,0.0108901711,0.0250362762,0.020850609,0.0487066109,6.4356611e-07,1.28713222e-06,exploratory
card_brand,checkout_conversion_rate,discover,delta_method_diff,0.500894795,0.516827774,0.0159329788,0.00482837966,0.0318090324,0.00980229673,6959,7161,0.00646952855,0.025396429,0.0125968839,0.051021181,0.000967329376,0.000967329376,exploratory
card_brand,checkout_conversion_rate,mastercard,delta_method_diff,0.509629519,0.52739081,0.0177612912,0.00236380416,0.0348513784,0.00471834338,30011,30140,0.0131283202,0.0223942622,0.0256035953,0.0440991615,5.74094078e-14,1.72228223e-13,exploratory
card_brand,checkout_conversion_rate,visa,delta_method_diff,0.510815717,0.524647349,0.0138316318,0.0018271389,0.0270775376,0.00362460405,49928,49817,0.0102505053,0.0174127582,0.0199734442,0.034181631,3.72925168e-14,1.49170067e-13,exploratory
card_brand,dispute_rate,amex,delta_method_diff,0.00400873905,0.0043747653,0.000366026251,0.00042140236,0.0913070785,0.109570917,12840,13144,-0.000459907198,0.0011919597,-0.123447972,0.306062129,0.385070939,0.385070939,exploratory
card_brand,dispute_rate,discover,delta_method_diff,0.00383884455,0.00533352553,0.00149468099,0.000601468353,0.389356998,0.183661624,6959,7161,0.000315824678,0.0026735373,0.0293868288,0.749327166,0.0129531995,0.025906399,exploratory
card_brand,dispute_rate,mastercard,delta_method_diff,0.00360768376,0.00447648587,0.000868802111,0.000269914968,0.240819919,0.0833465969,30011,30140,0.000339778494,0.00139782573,0.0774635907,0.404176247,0.00128728551,0.00386185652,exploratory
card_brand,dispute_rate,visa,delta_method_diff,0.00340721744,0.00475417498,0.00134695754,0.000210338794,0.395324796,0.072746764,49928,49817,0.000934701079,0.001759214,0.252743759,0.537905834,1.51603984e-10,6.06415936e-10,exploratory
card_brand,net_value_per_session,amex,delta_method_diff,9.17275417,9.42882441,0.256070241,0.0962896924,0.0279163963,0.0106407484,12300,12623,0.0673459117,0.44479457,0.00706091276,0.0487718799,0.00782861596,0.0156572319,exploratory
card_brand,net_value_per_session,discover,delta_method_diff,8.93628911,9.15842776,0.22213865,0.131468337,0.024858042,0.0148973117,6677,6844,-0.0355345559,0.479811856,-0.00434015233,0.0540562364,0.0910903125,0.0910903125,exploratory
card_brand,net_value_per_session,mastercard,delta_method_diff,9.04076615,9.2850294,0.244263244,0.0626964925,0.0270179805,0.00702634092,28834,28972,0.121380376,0.367146111,0.0132466054,0.0407893557,9.7809137e-05,0.000293427411,exploratory
card_brand,net_value_per_session,visa,delta_method_diff,9.09921508,9.3139467,0.214731622,0.0489507973,0.023598917,0.00544140155,47925,47805,0.118789822,0.310673422,0.012933966,0.0342638681,1.15092431e-05,4.60369723e-05,exploratory
