contribution_margin_rate,dispute_loss_rate,dispute_ops_cost_usd,annual_net_value,annual_ci_low,annual_ci_high,decision,segments,band_high,band_low,band_medium
0.2,0.5,10.0,1368403.58,947163.221,1789643.95,SHIP TO SEGMENT,low,harmful,qualifies,inconclusive
0.2,0.5,20.0,1301849.85,876435.001,1727264.7,SHIP TO SEGMENT,low,harmful,qualifies,inconclusive
0.2,0.5,40.0,1168742.38,733075.702,1604409.06,SHIP TO SEGMENT,low,harmful,qualifies,inconclusive
0.2,0.7,10.0,1283425.16,855128.782,1711721.54,SHIP TO SEGMENT,low,harmful,qualifies,inconclusive
0.2,0.7,20.0,1216871.43,783593.912,1650148.94,SHIP TO SEGMENT,low,harmful,qualifies,inconclusive
0.2,0.7,40.0,1083763.96,638711.601,1528816.32,SHIP TO SEGMENT,low,harmful,qualifies,inconclusive
0.2,0.9,10.0,1198446.74,761343.889,1635549.6,SHIP TO SEGMENT,low,harmful,qualifies,inconclusive
0.2,0.9,20.0,1131893.01,689052.418,1574733.6,SHIP TO SEGMENT,low,harmful,qualifies,inconclusive
0.2,0.9,40.0,998785.538,542754.272,1454816.8,SHIP TO SEGMENT,low,harmful,qualifies,inconclusive
0.3,0.5,10.0,2414146.96,1754943.6,3073350.32,SHIP TO SEGMENT,low,harmful,qualifies,inconclusive
0.3,0.5,20.0,2347593.23,1685769.72,3009416.73,SHIP TO SEGMENT,low,harmful,qualifies,inconclusive
0.3,0.5,40.0,2214485.76,1546135.63,2882835.88,SHIP TO SEGMENT,low,harmful,qualifies,inconclusive
0.3,0.7,10.0,2329168.54,1665781.52,2992555.56,SHIP TO SEGMENT,low,harmful,qualifies,inconclusive
0.3,0.7,20.0,2262614.81,1596055.81,2929173.8,SHIP TO SEGMENT,low,harmful,qualifies,inconclusive
0.3,0.7,40.0,2129507.34,1455343.43,2803671.24,SHIP TO SEGMENT,low,harmful,qualifies,inconclusive
0.3,0.9,10.0,2244190.12,1575428.29,2912951.95,SHIP TO SEGMENT,low,harmful,qualifies,inconclusive
0.3,0.9,20.0,2177636.39,1505164.67,2850108.1,SHIP TO SEGMENT,low,harmful,qualifies,inconclusive
0.3,0.9,40.0,2044528.92,1363405.72,2725652.11,SHIP TO SEGMENT,low,harmful,qualifies,inconclusive
0.4,0.5,10.0,3459890.34,2559951.16,4359829.52,SHIP TO SEGMENT,low,harmful,qualifies,inconclusive
0.4,0.5,20.0,3393336.6,2491516.91,4295156.29,SHIP TO SEGMENT,low,harmful,qualifies,inconclusive
0.4,0.5,40.0,3260229.13,2353689.47,4166768.8,SHIP TO SEGMENT,low,harmful,qualifies,inconclusive
0.4,0.7,10.0,3374911.92,2472159.05,4277664.78,SHIP TO SEGMENT,low,harmful,qualifies,inconclusive
0.4,0.7,20.0,3308358.18,2403312.2,4213404.16,SHIP TO SEGMENT,low,harmful,qualifies,inconclusive
0.4,0.7,40.0,3175250.71,2264669.49,4085831.94,SHIP TO SEGMENT,low,harmful,qualifies,inconclusive
0.4,0.9,10.0,3289933.5,2383477.92,4196389.07,SHIP TO SEGMENT,low,harmful,qualifies,inconclusive
0.4,0.9,20.0,3223379.76,2314223.85,4132535.67,SHIP TO SEGMENT,low,harmful,qualifies,inconclusive
0.4,0.9,40.0,3090272.29,2174778.47,4005766.12,SHIP TO SEGMENT,low,harmful,qualifies,inconclusive
